1968	01	千昌夫	星影のワルツ	-0.35
1968	02	ザ・フォーク・クルセダーズ	帰って来たヨッパライ	-0.27
1968	03	ピンキーとキラーズ	恋の季節	0.4
1968	04	鶴岡雅義と東京ロマンチカ	小樽のひとよ	-0.34
1968	05	伊東ゆかり	恋のしずく	0.92
1968	06	ザ・タイガース	花の首飾り	0.34
1968	08	小川知子	ゆうべの秘密	0.45
1968	11	青江三奈	伊勢佐木町ブルース	-0.14
1968	13	森進一	盛り場ブルース	-0.76
1968	14	パープル・シャドウズ	小さなスナック	-0.42
1968	15	高橋勝とコロラティーノ	思案橋ブルース	-0.78
1968	16	ザ・テンプターズ	エメラルドの伝説	-0.35
1968	17	黒木憲	霧にむせぶ夜	-0.73
1968	18	黛ジュン	天使の誘惑	-0.53
1968	19	ザ・テンプターズ	神様お願い	-0.68
1968	20	黛ジュン	夕月	-0.68
1968	21	ザ・タイガース	君だけに愛を	0.82
1968	22	森進一	花と蝶	-0.15
1968	23	中村晃子	虹色の湖	-0.75
1968	24	美川憲一	釧路の夜	-0.84
1968	25	黒沢明とロス・プリモス	雨の銀座	-0.75
1968	26	伊東ゆかり	星を見ないで	-0.46
1968	27	西田佐知子	涙のかわくまで	-0.62
1968	28	黒沢明とロス・プリモス	ラブユー東京	-0.62
1968	30	黛ジュン	乙女の祈り	0.45
1969	01	由紀さおり	夜明けのスキャット	0.86
1969	02	森進一	港町ブルース	-0.73
1969	04	ピンキーとキラーズ	恋の季節	0.55
1969	05	皆川おさむ	黒ネコのタンゴ	0.63
1969	06	森山良子	禁じられた恋	0.63
1969	07	青江三奈	池袋の夜	-0.78
1969	09	カルメン・マキ	時には母のない子のように	-0.68
1969	10	青江三奈	長崎ブルース	-0.46
1969	11	キング・トーンズ	グッド・ナイト・ベイビー	0.63
1969	12	はしだのりひことシューベルツ	風	-0.26
1969	13	ピンキーとキラーズ	涙の季節	0.73
1969	14	森進一	年上の女	-0.85
1969	15	奥村チヨ	恋の奴隷	0.7
1969	16	鶴岡雅義と東京ロマンチカ	君は心の妻だから	-0.45
1969	18	弘田三枝子	人形の家	-0.94
1969	19	佐川満男	今は幸せかい	-0.78
1969	20	北島三郎	仁義	-0.63
1969	21	伊東ゆかり	知らなかったの	0.74
1969	22	佐良直美	いいじゃないの幸せならば	0.25
1969	23	トワ・エ・モワ	或る日突然	0.82
1969	26	ザ・タイガース	青い鳥	-0.66
1969	27	ピンキーとキラーズ	七色のしあわせ	0.92
1969	28	小川知子	初恋のひと	0.35
1969	29	森進一	おんな	-0.71
1970	01	皆川おさむ	黒ネコのタンゴ	0.55
1970	02	ザ・ドリフターズ	ドリフのズンドコ節	-0.55
1970	03	藤圭子	圭子の夢は夜ひらく	-0.45
1970	04	藤圭子	女のブルース	-0.35
1970	06	由紀さおり	手紙	-0.68
1970	07	ヒデとロザンナ	愛は傷つきやすく	-0.27
1970	08	菅原洋一	今日でお別れ	-0.88
1970	10	渚ゆう子	京都の恋	-0.86
1970	11	ベッツィ&クリス	白い色は恋人の色	0.27
1970	12	岸洋子	希望	-0.15
1970	13	辺見マリ	経験	-0.84
1970	15	森山加代子	白い蝶のサンバ	-0.32
1970	16	青江三奈	国際線待合室	-0.73
1970	17	森進一	波止場女のブルース	-0.73
1970	18	藤圭子	命預けます	-0.62
1970	19	森進一	恋ひとすじ	0.4
1970	21	いしだあゆみ	あなたならどうする	-0.87
1970	22	ちあきなおみ	四つのお願い	0.92
1970	24	森進一	花と涙	-0.32
1970	26	ソルティー・シュガー	走れコウタロー	0.68
1970	27	藤圭子	新宿の女	-0.71
1970	30	青江三奈	池袋の夜	-0.82
1971	01	小柳ルミ子	わたしの城下町	-0.25
1971	02	加藤登紀子	知床旅情	-0.32
1971	03	尾崎紀世彦	また逢う日まで	-0.65
1971	04	鶴田浩二	傷だらけの人生	-0.57
1971	05	ヘドバとダビデ	ナオミの夢	-0.32
1971	06	五木ひろし	よこはま・たそがれ	-0.73
1971	07	はしだのりひことクライマックス	花嫁	0.4
1971	08	湯原昌幸	雨のバラード	-0.55
1971	09	森進一	望郷	-0.35
1971	10	堺正章	さらば恋人	-0.7
1971	11	南沙織	17才	0.82
1971	13	あおい輝彦	二人の世界	0.85
1971	14	尾崎紀世彦	さよならをもう一度	0.22
1971	15	渚ゆう子	京都慕情	-0.68
1971	17	仲雅美	ポーリュシカ・ポーレ	0.82
1971	18	欧陽菲菲	雨の御堂筋	-0.7
1971	19	いしだあゆみ	砂漠のような東京で	0.2
1971	20	ソルティー・シュガー	走れコウタロー	0.72
1971	21	水前寺清子	大勝負	-0.2
1971	23	朝丘雪路	雨がやんだら	-0.82
1971	25	小林旭	ついて来るかい	0.45
1971	27	渚ゆう子	京都の恋	-0.86
1971	28	西田佐知子	女の意地	-0.65
1971	29	にしきのあきら	空に太陽がある限り	0.96
1972	01	宮史郎とぴんからトリオ	女のみち	-0.35
1972	02	小柳ルミ子	瀬戸の花嫁	0.56
1972	03	ビリーバンバン	さよならをするために	0.22
1972	04	よしだたくろう	旅の宿	0.32
1972	05	平田隆夫とセルスターズ	悪魔がにくい	-0.62
1972	06	天地真理	ひとりじゃないの	0.93
1972	07	小柳ルミ子	京のにわか雨	-0.66
1972	08	ペドロ&カプリシャス	別れの朝	-0.73
1972	09	天地真理	ちいさな恋	0.62
1972	10	青い三角定規	太陽がくれた季節	0.65
1972	11	石橋正次	夜明けの停車場	-0.73
1972	12	欧陽菲菲	雨の御堂筋	-0.7
1972	13	天地真理	虹をわたって	0.78
1972	14	よしだたくろう	結婚しようよ	0.88
1972	15	チェリッシュ	ひまわりの小径	-0.62
1972	16	尾崎紀世彦	愛する人はひとり	-0.86
1972	17	麻丘めぐみ	芽ばえ	-0.36
1972	18	三善英史	雨	-0.7
1972	19	森田健作	友達よ泣くんじゃない	0.62
1972	21	奥村チヨ	終着駅	-0.84
1972	23	橋幸夫	子連れ狼	-0.88
1972	24	ハニー・ナイツ	ふりむかないで	0.25
1972	26	朱里エイコ	北国行きで	-0.68
1972	27	沢田研二	許されない愛	-0.62
1972	28	南沙織	純潔	0.93
1972	29	天地真理	水色の恋	-0.75
1972	30	森昌子	せんせい	-0.7
1973	01	宮史郎とぴんからトリオ	女のみち	-0.35
1973	03	ガロ	学生街の喫茶店	-0.35
1973	04	ちあきなおみ	喝采	-0.55
1973	05	沢田研二	危険なふたり	-0.55
1973	06	かぐや姫	神田川	-0.78
1973	07	チューリップ	心の旅	-0.45
1973	08	天地真理	恋する夏の日	0.93
1973	09	天地真理	若葉のささやき	0.6
1973	10	浅田美代子	赤い風船	0.32
1973	11	麻丘めぐみ	わたしの彼は左きき	-0.35
1973	12	ガロ	君の誕生日	-0.78
1973	13	天地真理	ふたりの日曜日	0.85
1973	15	西城秀樹	ちぎれた愛	0.22
1973	16	郷ひろみ	裸のビーナス	0.92
1973	17	アグネス・チャン	草原の輝き	-0.27
1973	18	フィンガー5	個人授業	-0.32
1973	19	八代亜紀	なみだ恋	-0.7
1973	20	あのねのね	赤とんぼの唄	0.0
1973	21	小柳ルミ子	漁火恋唄	-0.46
1973	22	梶芽衣子	怨み節	-0.85
1973	23	五木ひろし	あなたの灯	-0.72
1973	24	チェリッシュ	てんとう虫のサンバ	0.92
1973	26	チェリッシュ	避暑地の恋	0.86
1973	27	森昌子	中学三年生	-0.66
1973	28	アグネス・チャン	ひなげしの花	-0.62
1973	29	小柳ルミ子	春のおとずれ	0.27
1973	30	郷ひろみ	小さな体験	-0.27
1974	01	殿さまキングス	なみだの操	-0.7
1974	02	小坂明子	あなた	-0.25
1974	03	中条きよし	うそ	-0.78
1974	04	中村雅俊	ふれあい	0.34
1974	05	フィンガー5	恋のダイヤル6700	0.78
1974	06	殿さまキングス	夫婦鏡	-0.73
1974	07	渡哲也	くちなしの花	-0.68
1974	08	西城秀樹	激しい恋	-0.32
1974	09	布施明	積木の部屋	-0.45
1974	10	フィンガー5	学園天国	0.1
1974	11	沢田研二	追憶	-0.35
1974	12	りりィ	私は泣いています	-0.78
1974	13	グレープ	精霊流し	-0.45
1974	14	アグネス・チャン	小さな恋の物語	0.73
1974	15	山口百恵	ひと夏の経験	-0.2
1974	16	郷ひろみ	よろしく哀愁	-0.25
1974	18	梓みちよ	二人でお酒を	-0.32
1974	19	五木ひろし	夜空	-0.68
1974	20	山口百恵	ちっぽけな感傷	-0.93
1974	21	五木ひろし	浜昼顔	-0.62
1974	22	西城秀樹	愛の十字架	-0.78
1974	23	森進一	冬の旅	-0.78
1974	24	沢田研二	魅せられた夜	0.78
1974	25	八代亜紀	愛ひとすじ	-0.71
1974	26	アグネス・チャン	星に願いを	0.68
1974	27	フィンガー5	個人授業	-0.12
1974	28	西城秀樹	薔薇の鎖	0.86
1974	29	郷ひろみ	花とみつばち	0.62
1974	30	チェリッシュ	恋の風車	0.85
1975	02	布施明	シクラメンのかほり	-0.35
1975	03	小坂恭子	想い出まくら	-0.55
1975	04	沢田研二	時の過ぎゆくままに	-0.46
1975	05	ダウン・タウン・ブギウギ・バンド	港のヨーコ・ヨコハマ・ヨコスカ	-0.45
1975	06	岩崎宏美	ロマンス	0.92
1975	07	風	22才の別れ	-0.46
1975	08	細川たかし	心のこり	-0.68
1975	09	かまやつひろし	我が良き友よ	-0.15
1975	10	山口百恵	冬の色	0.55
1975	11	桜田淳子	はじめての出来事	0.42
1975	12	ダウン・タウン・ブギウギ・バンド	スモーキン’ブギ	-0.66
1975	13	バンバン	「いちご白書」をもう一度	-0.27
1975	14	野口五郎	私鉄沿線	-0.55
1975	15	八代亜紀	おんなの夢	-0.35
1975	16	中村雅俊	いつか街で会ったなら	-0.15
1975	17	西川峰子	あなたにあげる	-0.55
1975	18	桜田淳子	十七の夏	0.7
1975	19	アグネス・チャン	愛の迷い子	0.45
1975	20	西崎みどり	旅愁	-0.63
1975	21	クラフト	僕にまかせてください	0.27
1975	22	黒沢年男	やすらぎ	-0.42
1975	24	五木ひろし	千曲川	-0.46
1975	25	しまざき由理	面影	-0.78
1975	26	敏いとうとハッピー＆ブルー	わたし祈ってます	0.65
1975	27	小柳ルミ子	冬の駅	-0.35
1975	28	西城秀樹	恋の暴走	-0.73
1975	29	桜田淳子	ひとり歩き	-0.78
1975	30	野口五郎	夕立ちのあとで	-0.35
1976	01	子門真人	およげ!たいやきくん	0.12
1976	03	都はるみ	北の宿から	-0.85
1976	04	太田裕美	木綿のハンカチーフ	-0.45
1976	05	二葉百合子	岸壁の母	-0.87
1976	06	中村雅俊	俺たちの旅	-0.32
1976	07	あおい輝彦	あなただけを	0.96
1976	08	山口百恵	横須賀ストーリー	-0.4
1976	09	因幡晃	わかって下さい	-0.68
1976	11	イルカ	なごり雪	-0.15
1976	13	太田裕美	赤いハイヒール	-0.18
1976	14	小椋佳	めまい	-0.73
1976	16	山口百恵	愛に走って	-0.73
1976	17	岩崎宏美	センチメンタル	0.92
1976	18	山口百恵	パールカラーにゆれて	0.42
1976	20	岩崎宏美	ファンタジー	-0.32
1976	21	キャンディーズ	春一番	0.71
1976	22	桜田淳子	夏にご用心	0.6
1976	23	山口百恵	白い約束	-0.35
1976	24	内藤やす子	弟よ	-0.66
1976	26	西城秀樹	君よ抱かれて熱くなれ	0.45
1976	27	小椋佳	揺れるまなざし	-0.35
1976	28	野口五郎	針葉樹	-0.25
1976	29	グレープ	無縁坂	-0.45
1976	30	岩崎宏美	未来	0.78
1977	01	ピンク・レディー	渚のシンドバッド	0.62
1977	03	ピンク・レディー	ウォンテッド	-0.57
1977	04	沢田研二	勝手にしやがれ	-0.32
1977	05	小林旭	昔の名前で出ています	-0.27
1977	06	さだまさし	雨やどり	0.15
1977	08	ピンク・レディー	S・O・S	-0.75
1977	09	清水健太郎	失恋レストラン	-0.35
1977	10	ハイ・ファイ・セット	フィーリング	-0.25
1977	11	都はるみ	北の宿から	-0.73
1977	13	小柳ルミ子	星の砂	-0.71
1977	14	ピンク・レディー	ペッパー警部	-0.15
1977	15	狩人	あずさ2号	-0.66
1977	18	松崎しげる	愛のメモリー	0.86
1977	19	山口百恵	赤い衝撃	0.82
1977	20	山口百恵	イミテイション・ゴールド	-0.38
1977	21	山口百恵	夢先案内人	0.63
1977	22	ダウン・タウン・ブギウギ・バンド	サクセス	-0.35
1977	24	沢田研二	憎みきれないろくでなし	-0.75
1977	25	研ナオコ	あばよ	-0.7
1977	26	石川さゆり	能登半島	0.25
1977	27	キャンディーズ	やさしい悪魔	0.58
1978	01	ピンク・レディー	UFO	0.45
1978	02	ピンク・レディー	サウスポー	0.68
1978	03	ピンク・レディー	モンスター	-0.42
1978	04	堀内孝雄	君のひとみは10000ボルト	0.81
1978	05	キャンディーズ	微笑がえし	-0.42
1978	06	ピンク・レディー	透明人間	-0.45
1978	08	サーカス	Mr.サマータイム	-0.55
1978	09	矢沢永吉	時間よ止まれ	-0.32
1978	10	中島みゆき	わかれうた	-0.73
1978	11	渡辺真知子	迷い道	-0.27
1978	12	黒沢年男	時には娼婦のように	-0.2
1978	13	沢田研二	サムライ	-0.42
1978	16	アリス	冬の稲妻	-0.73
1978	18	アリス	ジョニーの子守唄	0.25
1978	19	庄野真代	飛んでイスタンブール	-0.32
1978	20	渡辺真知子	かもめが翔んだ日	-0.55
1978	21	増位山太志郎	そんな女のひとりごと	-0.65
1978	22	沢田研二	ダーリング	0.68
1978	23	サザンオールスターズ	勝手にシンドバッド	0.18
1978	25	世良公則＆ツイスト	あんたのバラード	-0.25
1978	26	松山千春	季節の中で	0.82
1978	27	紙ふうせん	冬が来る前に	-0.56
1978	29	アリス	涙の誓い	-0.68
1978	30	キャンディーズ	わな	-0.35
1979	01	渥美二郎	夢追い酒	-0.78
1979	02	ジュディ・オング	魅せられて	-0.34
1979	03	小林幸子	おもいで酒	-0.73
1979	04	さだまさし	関白宣言	-0.62
1979	05	千昌夫	北国の春	-0.13
1979	06	ゴダイゴ	ガンダーラ	0.62
1979	07	西城秀樹	YOUNG MAN	0.9
1979	08	アリス	チャンピオン	-0.45
1979	09	牧村三枝子	みちづれ	-0.2
1979	10	ピンク・レディー	カメレオン・アーミー	-0.46
1979	11	サザンオールスターズ	いとしのエリー	0.35
1979	12	水谷豊	カリフォルニア・コネクション	0.78
1979	14	ゴダイゴ	銀河鉄道999	0.84
1979	16	金田たつえ	花街の母	-0.62
1979	17	ゴダイゴ	モンキー・マジック	0.75
1979	18	桑名正博	セクシャルバイオレットNo.1	0.64
1979	19	ゴダイゴ	ビューティフル・ネーム	0.94
1979	20	山口百恵	いい日旅立ち	0.62
1979	21	サーカス	アメリカン・フィーリング	0.86
1979	22	さとう宗幸	青葉城恋唄	-0.68
1979	23	円広志	夢想花	-0.68
1979	24	松山千春	季節の中で	0.62
1979	25	ツイスト	燃えろいい女	0.78
1979	26	沢田研二	カサブランカ・ダンディ	-0.32
1979	27	村木賢吉	おやじの海	0.15
1979	28	松山千春	窓	-0.27
1979	29	西城秀樹	ホップ・ステップ・ジャンプ	0.92
1979	30	南こうせつ	夢一夜	-0.63
1980	01	もんた&ブラザーズ	ダンシング・オールナイト	-0.34
1980	02	久保田早紀	異邦人	-0.68
1980	03	クリスタルキング	大都会	0.62
1980	04	シャネルズ	ランナウェイ	0.6
1980	05	長渕剛	順子	-0.72
1980	06	海援隊	贈る言葉	-0.42
1980	07	五木ひろし	おまえとふたり	0.3
1980	08	ロス・インディオス&シルヴィア	別れても好きな人	-0.45
1980	09	オフコース	さよなら	-0.68
1980	10	田原俊彦	哀愁でいと	-0.73
1980	11	ばんばひろふみ	SACHIKO	0.35
1980	12	谷村新司	昴	-0.45
1980	13	小林幸子	とまり木	-0.78
1980	14	松田聖子	風は秋色	-0.22
1980	15	松田聖子	青い珊瑚礁	0.86
1980	16	クリスタルキング	蜃気楼	0.82
1980	17	村木賢吉	おやじの海	0.42
1980	18	さだまさし	防人の詩	-0.55
1980	20	アリス	秋止符	-0.27
1980	21	五木ひろし	倖せさがして	0.68
1980	23	財津和夫	Wake Up	0.27
1980	24	渡辺真知子	唇よ、熱く君を語れ	0.68
1980	25	山下達郎	RIDE ON TIME	0.92
1980	26	八代亜紀	雨の慕情	-0.24
1980	28	さだまさし	道化師のソネット	-0.15
1980	29	敏いとうとハッピー＆ブルー	よせばいいのに	-0.86
1980	30	竹内まりや	不思議なピーチパイ	0.88
1981	01	寺尾聰	ルビーの指環	-0.84
1981	02	竜鉄也	奥飛騨慕情	-0.66
1981	05	松山千春	長い夜	0.85
1981	06	都はるみ	大阪しぐれ	-0.66
1981	07	シャネルズ	街角トワイライト	-0.35
1981	08	五輪真弓	恋人よ	-0.34
1981	09	松田聖子	チェリーブラッサム	0.68
1981	10	松任谷由実	守ってあげたい	0.68
1981	13	雅夢	愛はかげろう	-0.68
1981	14	松田聖子	夏の扉	0.32
1981	16	山本譲二	みちのくひとり旅	-0.63
1981	17	松村和子	帰ってこいよ	-0.35
1981	18	堀江淳	メモリーグラス	-0.68
1981	19	寺尾聰	シャドー・シティ	-0.45
1981	20	近藤真彦	ヨコハマ・チーク	0.42
1981	21	近藤真彦	ギンギラギンにさりげなく	0.86
1981	22	石原裕次郎	ブランデーグラス	-0.7
1981	23	松田聖子	白いパラソル	0.73
1981	25	西田敏行	もしもピアノが弾けたなら	-0.68
1981	28	ザ・ぼんち	恋のぼんちシート	0.6
1981	29	シャネルズ	ハリケーン	-0.65
1981	30	五十嵐浩晃	ペガサスの朝	0.76
1982	01	あみん	待つわ	-0.55
1982	02	薬師丸ひろ子	セーラー服と機関銃	-0.24
1982	03	岩崎宏美	聖母たちのララバイ	-0.35
1982	04	中村雅俊	心の色	0.46
1982	05	細川たかし	北酒場	0.15
1982	06	中島みゆき	悪女	-0.62
1982	07	近藤真彦	ハイティーン・ブギ	0.62
1982	08	サザンオールスターズ	チャコの海岸物語	0.55
1982	10	近藤真彦	ふられてBANZAI	-0.42
1982	11	松田聖子	渚のバルコニー	0.6
1982	12	松田聖子	赤いスイートピー	0.65
1982	14	郷ひろみ	哀愁のカサブランカ	-0.68
1982	15	松田聖子	小麦色のマーメイド	0.45
1982	16	Johnny	ジェームス・ディーンのように	0.68
1982	17	中島みゆき	誘惑	-0.45
1982	18	大橋純子	シルエット・ロマンス	0.71
1982	19	ザ・タイガース	色つきの女でいてくれよ	-0.55
1982	21	一風堂	すみれSeptember Love	0.71
1982	22	山下久美子	赤道小町ドキッ	0.73
1982	23	田原俊彦	原宿キッス	0.68
1982	24	来生たかお	夢の途中	-0.33
1982	25	嶋大輔	男の勲章	0.45
1982	26	近藤真彦	ホレたぜ!乾杯	0.55
1982	27	田原俊彦	君に薔薇薔薇…という感じ	0.86
1982	28	田原俊彦	NINJIN娘	0.62
1982	29	アン・ルイス	ラ・セゾン	0.46
1982	30	山本譲二	みちのくひとり旅	-0.42
1983	01	大川栄策	さざんかの宿	-0.71
1983	02	細川たかし	矢切の渡し	-0.62
1983	03	わらべ	めだかの兄妹	0.78
1983	04	薬師丸ひろ子	探偵物語	-0.35
1983	05	佳山明生	氷雨	-0.75
1983	07	松田聖子	ガラスの林檎	-0.35
1983	08	中森明菜	セカンド・ラブ	-0.27
1983	10	ラッツ&スター	め組のひと	0.63
1983	11	原田知世	時をかける少女	0.2
1983	12	ヒロシ＆キーボー	3年目の浮気	-0.88
1983	13	中森明菜	2分の1の神話	-0.63
1983	14	村下孝蔵	初恋	-0.44
1983	15	日野美歌	氷雨	-0.73
1983	16	松田聖子	天国のキッス	0.68
1983	17	中森明菜	禁区	-0.73
1983	19	中森明菜	トワイライト	0.66
1983	20	H2O	想い出がいっぱい	0.68
1983	21	葛城ユキ	ボヘミアン	0.22
1983	22	松田聖子	秘密の花園	0.4
1983	24	中村雅俊	恋人も濡れる街角	0.32
1983	25	河合奈保子	エスカレーション	0.42
1983	26	上田正樹	悲しい色やね	-0.45
1983	27	ローズマリー・バトラー	汚れた英雄	-0.25
1983	29	近藤真彦	真夏の一秒	0.73
1983	30	アルフィー	メリーアン	-0.15
1984	02	安全地帯	ワインレッドの心	0.55
1984	03	松田聖子	Rock'n Rouge	0.58
1984	04	チェッカーズ	涙のリクエスト	-0.68
1984	05	チェッカーズ	哀しくてジェラシー	-0.73
1984	07	芦屋雁之助	娘よ	-0.25
1984	08	チェッカーズ	星屑のステージ	-0.35
1984	09	中森明菜	北ウイング	0.64
1984	10	中森明菜	サザン・ウインド	0.42
1984	11	アルフィー	星空のディスタンス	0.4
1984	12	小林麻美	雨音はショパンの調べ	-0.42
1984	13	薬師丸ひろ子	メイン・テーマ	-0.28
1984	14	五木ひろし	長良川艶歌	-0.27
1984	15	松田聖子	時間の国のアリス	0.32
1984	17	松田聖子	ピンクのモーツァルト	0.62
1984	18	欧陽菲菲	ラヴ・イズ・オーヴァー	-0.68
1984	19	杏里	悲しみがとまらない	-0.86
1984	20	チェッカーズ	ギザギザハートの子守唄	-0.71
1984	21	小泉今日子	迷宮のアンドローラ	0.35
1984	22	吉川晃司	モニカ	-0.28
1984	23	高橋真梨子	桃色吐息	-0.25
1984	24	小柳ルミ子	お久しぶりね	-0.15
1984	25	小泉今日子	渚のはいから人魚	0.73
1984	26	近藤真彦	ケジメなさい	-0.57
1984	27	原田知世	愛情物語	0.46
1984	28	松田聖子	瞳はダイアモンド	-0.46
1984	29	オフコース	君が、嘘を、ついた	-0.77
1984	30	アルフィー	STARSHIP	0.86
1985	01	チェッカーズ	ジュリアに傷心	-0.66
1985	02	中森明菜	ミ・アモーレ	0.84
1985	03	小林明子	恋におちて	0.55
1985	04	C-C-B	Romanticが止まらない	-0.45
1985	05	チェッカーズ	あの娘とスキャンダル	-0.62
1985	06	中森明菜	飾りじゃないのよ涙は	-0.42
1985	07	中森明菜	SAND BEIGE	-0.27
1985	09	安全地帯	悲しみにさよなら	0.71
1985	10	松田聖子	天使のウィンク	0.66
1985	11	菊池桃子	卒業	-0.18
1985	12	薬師丸ひろ子	あなたを・もっと・知りたくて	-0.32
1985	13	中村あゆみ	翼の折れたエンジェル	-0.68
1985	14	小泉今日子	スターダスト・メモリー	0.43
1985	15	杉山清貴＆オメガトライブ	ふたりの夏物語	0.42
1985	19	松田聖子	ボーイの季節	-0.2
1985	21	吉幾三	俺ら東京さ行ぐだ	-0.66
1985	22	菊池桃子	BOYのテーマ	0.72
1985	23	安全地帯	恋の予感	-0.35
1985	24	安全地帯	熱視線	0.42
1985	27	都はるみ	夫婦坂	0.73
1985	28	アルフィー	シンデレラは眠れない	0.45
1985	29	安全地帯	碧い瞳のエリス	0.35
1986	02	中森明菜	DESIRE	-0.15
1986	03	少年隊	仮面舞踏会	0.55
1986	04	Kuwata Band	Ban BAN Ban	-0.32
1986	05	渡辺美里	My Revolution	0.45
1986	06	小林明子	恋におちて	0.38
1986	07	中森明菜	ジプシー・クイーン	-0.45
1986	08	Kuwata Band	スキップ・ビート	0.2
1986	10	河合その子	青いスタスィオン	-0.25
1986	12	荻野目洋子	ダンシング・ヒーロー	0.45
1986	13	新田恵利	冬のオペラグラス	0.68
1986	14	国生さゆり	バレンタイン・キッス	0.82
1986	15	Kuwata Band	MERRY X'MAS IN SUMMER	-0.42
1986	16	TUBE	シーズン・イン・ザ・サン	0.48
1986	17	うしろゆびさされ組	バナナの涙	-0.2
1986	18	1986 OMEGA TRIBE	君は1000%	0.78
1986	19	斉藤由貴	悲しみよこんにちは	0.71
1986	20	小林旭	熱き心に	0.63
1986	21	小泉今日子	なんてったってアイドル	0.85
1986	22	新田恵利	恋のロープをほどかないで	0.75
1986	23	おニャン子クラブ	じゃあね	-0.15
1986	24	吉沢秋絵	季節はずれの恋	-0.42
1986	25	中森明菜	Fin	-0.45
1986	26	少年隊	デカメロン伝説	0.82
1986	27	椎名恵	今夜はANGEL	0.45
1986	28	C-C-B	空想Kiss	-0.28
1986	29	国生さゆり	夏を待てない	0.66
1986	30	レベッカ	フレンズ	-0.32
1987	01	瀬川瑛子	命くれない	0.42
1987	02	中森明菜	TANGO NOIR	-0.38
1987	03	吉幾三	雪國	-0.45
1987	04	光GENJI	STAR LIGHT	0.72
1987	05	松田聖子	Strawberry Time	0.94
1987	06	中森明菜	難破船	-0.88
1987	07	中森明菜	Blonde	0.27
1987	08	尾形大作	無錫旅情	-0.62
1987	09	五木ひろし	追憶	-0.63
1987	10	少年隊	君だけに	0.66
1987	11	小泉今日子	木枯しに抱かれて	-0.7
1987	12	長渕剛	ろくなもんじゃねえ	-0.73
1987	14	南野陽子	楽園のDoor	0.45
1987	15	チェッカーズ	I Love you, SAYONARA	-0.45
1987	16	少年隊	stripe blue	0.78
1987	17	中山美穂	WAKU WAKUさせて	0.73
1987	18	南野陽子	話しかけたかった	-0.65
1987	19	少年隊	バラードのように眠れ	-0.22
1987	20	BOφWY	MARIONETTE	-0.71
1987	22	TM NETWORK	Get Wild	0.45
1987	25	チェッカーズ	WANDERER	-0.73
1987	26	本田美奈子	Oneway Generation	-0.27
1987	27	堀内孝雄	愛しき日々	-0.42
1987	28	南野陽子	パンドラの恋人	0.58
1987	29	森川由加里	SHOW ME	0.45
1987	30	石原裕次郎	北の旅人	-0.75
1988	01	光GENJI	パラダイス銀河	0.25
1988	02	光GENJI	ガラスの十代	-0.35
1988	03	光GENJI	Diamondハリケーン	0.73
1988	04	男闘呼組	DayBreak	0.78
1988	05	長渕剛	乾杯	0.78
1988	07	光GENJI	剣の舞	0.78
1988	08	氷室京介	ANGEL	0.58
1988	09	中山美穂	人魚姫	-0.22
1988	10	久保田利伸	You Were Mine	-0.68
1988	11	南野陽子	吐息でネット	0.62
1988	12	サザンオールスターズ	みんなのうた	0.25
1988	13	中森明菜	TATTOO	-0.32
1988	16	長渕剛	とんぼ	-0.71
1988	18	田原俊彦	抱きしめてTONIGHT	0.38
1988	19	南野陽子	はいからさんが通る	0.78
1988	20	瀬川瑛子	命くれない	0.42
1988	21	桑田佳祐	いつか何処かで	-0.78
1988	22	南野陽子	あなたを愛したい	0.66
1988	24	坂本冬美	祝い酒	0.92
1988	25	少年隊	ふたり	0.42
1988	27	瀬川瑛子	憂き世川	0.36
1988	28	渡辺美里	恋したっていいじゃない	0.4
1988	29	小林幸子	雪椿	-0.15
1988	30	南野陽子	秋からも、そばにいて	0.85
1989	01	プリンセス・プリンセス	Diamonds	0.68
1989	02	プリンセス・プリンセス	世界でいちばん熱い夏	0.93
1989	03	長渕剛	とんぼ	-0.68
1989	04	光GENJI	太陽がいっぱい	0.93
1989	05	Wink	愛が止まらない	0.73
1989	06	工藤静香	恋一夜	-0.62
1989	07	Wink	淋しい熱帯魚	-0.68
1989	08	工藤静香	嵐の素顔	-0.86
1989	09	工藤静香	黄砂に吹かれて	-0.68
1989	11	光GENJI	地球をさがして	0.72
1989	12	長渕剛	激愛	-0.84
1989	13	男闘呼組	秋	-0.62
1989	14	斉藤由貴	夢の中へ	-0.25
1989	15	浜田麻里	Return to Myself	0.68
1989	16	男闘呼組	TIME ZONE	0.62
1989	17	松任谷由実	ANNIVERSARY	0.78
1989	18	BAKUFU-SLUMP	Runner	-0.25
1989	19	ZIGGY	GLORIA	-0.27
1989	20	BAKUFU-SLUMP	リゾ・ラバ	-0.33
1989	21	氷室京介	SUMMER GAME	0.82
1989	22	竹内まりや	シングル・アゲイン	-0.68
1989	23	田原俊彦	ごめんよ涙	-0.28
1989	24	TM NETWORK	DIVE INTO YOUR BODY	0.78
1989	28	中森明菜	LIAR	-0.63
1989	30	中村あゆみ	ともだち	0.35
1990	01	B.B.クィーンズ	おどるポンポコリン	0.62
1990	02	米米CLUB	浪漫飛行	0.85
1990	04	たま	さよなら人類	-0.38
1990	05	プリンセス・プリンセス	OH YEAH！	0.56
1990	06	中森明菜	Dear Friend	0.72
1990	07	THE BLUE HEARTS	情熱の薔薇	-0.25
1990	08	工藤静香	くちびるから媚薬	-0.25
1990	09	サザンオールスターズ	真夏の果実	-0.42
1990	11	氷室京介	JEALOUSYを眠らせて	0.66
1990	12	PINK SAPPHIRE	P.S. I LOVE YOU	0.63
1990	13	山下達郎	クリスマス・イブ	-0.78
1990	14	DREAMS COME TRUE	笑顔の行方	0.75
1990	15	オヨネーズ	麦畑	0.82
1990	16	牛若丸三郎太	勇気のしるし	0.58
1990	17	米米CLUB	浪漫飛行	0.86
1990	18	徳永英明	夢を信じて	0.55
1990	20	堀内孝雄	恋唄綴り	-0.68
1990	21	X	ENDLESS RAIN	-0.68
1990	22	長渕剛	しょっぱい三日月の夜	-0.75
1990	23	徳永英明	壊れかけのRadio	-0.27
1990	24	Wink	Sexy Music	0.78
1990	25	TMN	THE POINT OF LOVERS' NIGHT	0.63
1990	27	B'z	太陽のKomachi Angel	0.73
1990	29	JUN SKY WALKER(S)	白いクリスマス	-0.25
1990	30	長渕剛	JEEP	0.45
1991	02	CHAGE&ASKA	SAY YES	0.75
1991	03	KAN	愛は勝つ	0.92
1991	04	槇原敬之	どんなときも。	0.46
1991	05	ASKA	はじまりはいつも雨	0.62
1991	06	小泉今日子	あなたに会えてよかった	0.55
1991	07	B'z	LADY NAVIGATION	0.92
1991	08	長渕剛	しゃぼん玉	-0.45
1991	09	DREAMS COME TRUE	Eyes to me	0.81
1991	10	B'z	ALONE	0.27
1991	11	沢田知可子	会いたい	-0.55
1991	12	辛島美登里	サイレント・イヴ	-0.55
1991	13	プリンセス・プリンセス	ジュリアン	-0.55
1991	15	TUBE	さよならイエスタデイ	-0.46
1991	16	バブルガム・ブラザーズ	WON'T BE LONG	0.78
1991	17	TMN	Love Train	-0.32
1991	19	大江千里	格好悪いふられ方	-0.68
1991	20	とんねるず	情けねえ	-0.86
1991	22	山下達郎	クリスマス・イブ	-0.74
1991	23	B.B.クィーンズ	ギンギラパラダイス	-0.32
1991	24	サザンオールスターズ	ネオ・ブラボー！！	-0.46
1991	25	井上陽水	少年時代	0.3
1991	26	プリンセス・プリンセス	KISS	0.87
1991	27	米米CLUB	Shake Hip！	0.78
1991	28	CHAGE＆ASKA	太陽と埃の中で	0.05
1991	29	LINDBERG	BELIEVE IN LOVE	0.55
1991	30	永井真理子	ZUTTO	0.3
1992	01	米米CLUB	君がいるだけで	0.53
1992	02	浜田省吾	悲しみは雪のように	-0.62
1992	03	B'z	BLOWIN'	-0.16
1992	04	大事MANブラザーズバンド	それが大事	0.68
1992	05	サザンオールスターズ	涙のキッス	-0.68
1992	06	とんねるず	ガラガラヘビがやってくる	-0.32
1992	07	槇原敬之	もう恋なんてしない	-0.46
1992	08	CHAGE&ASKA	if	0.82
1992	09	今井美樹	PIECE OF MY WISH	0.78
1992	10	中島みゆき	浅い眠り	-0.68
1992	11	B'z	ZERO	-0.68
1992	12	ZOO	Choo Choo TRAIN	0.84
1992	14	小野正利	You're the Only…	0.96
1992	15	織田哲郎	いつまでも変わらぬ愛を	0.82
1992	16	GAO	サヨナラ	-0.27
1992	17	平松愛理	部屋とYシャツと私	-0.45
1992	18	DREAMS COME TRUE	決戦は金曜日	0.73
1992	19	CHAGE＆ASKA	僕はこの瞳で嘘をつく	-0.27
1992	20	大黒摩季	DA・KA・RA	0.68
1992	21	ハウンド・ドッグ	BRIDGE	-0.18
1992	22	THE ALFEE	Promised Love	0.78
1992	23	TUBE	ガラスのメモリーズ	-0.34
1992	24	TUBE	夏だね	0.82
1992	25	槇原敬之	冬がはじまるよ	0.94
1992	26	CHAGE＆ASKA	no no darlin'	0.86
1992	27	稲垣潤一	クリスマスキャロルの頃には	-0.26
1992	29	とんねるず	一番偉い人へ	-0.42
1992	30	高橋真梨子	はがゆい唇	-0.66
1993	01	CHAGE&ASKA	YAH YAH YAH	0.2
1993	03	THE 虎舞竜	ロード	-0.36
1993	04	サザンオールスターズ	エロティカ・セブン	0.1
1993	05	B'z	裸足の女神	0.42
1993	06	ZARD	負けないで	0.81
1993	07	WANDS	時の扉	0.35
1993	08	松任谷由実	真夏の夜の夢	0.2
1993	09	ZARD	揺れる想い	0.86
1993	10	中山美穂&WANDS	世界中の誰よりきっと	0.82
1993	11	WANDS	もっと強く抱きしめたなら	0.71
1993	12	DEEN	このまま君だけを奪い去りたい	0.65
1993	13	氷室京介	KISS ME	-0.25
1993	14	WANDS	愛を語るより口づけをかわそう	0.45
1993	15	class	夏の日の1993	0.68
1993	16	DREAMS COME TRUE	go for it！	0.35
1993	17	T-BOLAN	Bye For Now	0.62
1993	18	小泉今日子	優しい雨	-0.35
1993	19	工藤静香	慟哭	-0.68
1993	20	森田童子	ぼくたちの失敗	-0.15
1993	21	Z団	江ノ島	-0.25
1993	22	ZARD	もう少し あと少し…	-0.46
1993	23	大黒摩季	チョット	-0.63
1993	24	T-BOLAN	おさえきれない この気持ち	0.85
1993	25	WANDS	恋せよ乙女	0.55
1993	26	長渕剛	RUN	-0.68
1993	29	藤井フミヤ	TRUE LOVE	-0.35
1993	30	ZARD	君がいない	-0.68
1994	01	Mr.Children	innocent world	0.27
1994	02	広瀬香美	ロマンスの神様	0.86
1994	03	篠原涼子 with t.komuro	恋しさと せつなさと 心強さと	0.58
1994	04	B'z	Don't Leave Me	-0.75
1994	05	中島みゆき	空と君のあいだに	-0.55
1994	08	大黒摩季	あなただけ見つめてる	-0.25
1994	09	trf	Boy Meets Girl	0.92
1994	10	WANDS	世界が終るまでは…	-0.66
1994	11	藤井フミヤ	TRUE LOVE	-0.42
1994	12	福山雅治	IT'S ONLY LOVE	-0.62
1994	14	CHAGE＆ASKA	HEART	-0.45
1994	15	Mr.Children	CROSS ROAD	0.33
1994	16	尾崎豊	OH MY LITTLE GIRL	0.73
1994	17	中山美穂	ただ泣きたくなるの	0.35
1994	18	DEEN	瞳そらさないで	0.35
1994	19	DREAMS COME TRUE	WINTER SONG	0.78
1994	20	大黒摩季	夏が来る	-0.25
1994	21	TUBE	夏を抱きしめて	0.66
1994	22	Mr.Children	Tomorrow never knows	0.2
1994	23	竹内まりや	純愛ラプソディ	0.27
1994	24	ZARD	この愛に泳ぎ疲れても	0.68
1994	25	槇原敬之	SPY	-0.68
1994	26	今井美樹	Miss You	-0.55
1994	27	ZARD	こんなにそばに居るのに	0.4
1994	28	X JAPAN	Rusty Nail	-0.86
1994	29	前田亘輝	Try Boy, Try Girl	-0.2
1994	30	T-BOLAN	マリア	-0.18
1995	01	DREAMS COME TRUE	LOVE LOVE LOVE	0.2
1995	03	福山雅治	HELLO	0.73
1995	04	Mr.Children	Tomorrow never knows	-0.15
1995	08	岡本真夜	TOMORROW	0.78
1995	09	スピッツ	ロビンソン	0.25
1995	10	B'z	LOVE PHANTOM	-0.27
1995	11	trf	CRAZY GONNA CRAZY	0.78
1995	13	B'z	ねがい	-0.25
1995	14	B'z	love me, I love you	-0.15
1995	15	trf	masquerade	0.57
1995	17	大黒摩季	ら・ら・ら	-0.66
1995	18	B'z	MOTEL	-0.35
1995	19	シャ乱Q	ズルい女	-0.25
1995	20	H Jungle with 	GOING GOING HOME	-0.32
1995	22	FIELD OF VIEW	突然	0.73
1995	26	DREAMS COME TRUE	サンキュ．	0.71
1995	28	中島みゆき	旅人のうた	0.35
1995	29	酒井法子	碧いうさぎ	-0.28
1995	30	スピッツ	涙がキラリ☆	-0.15
1996	01	Mr.Children	名もなき詩	0.15
1996	02	globe	DEPARTURES	0.65
1996	03	久保田利伸 with NAOMI CAMPBELL	LA・LA・LA LOVE SONG	0.78
1996	04	スピッツ	チェリー	0.3
1996	06	スピッツ	空も飛べるはず	0.62
1996	08	華原朋美	I'm proud	0.15
1996	09	安室奈美恵	Don't wanna cry	0.35
1996	10	安室奈美恵	Chase the Chance	0.86
1996	11	B'z	ミエナイチカラ	0.78
1996	12	B'z	Real Thing Shakes	0.34
1996	13	安室奈美恵	You're my sunshine	0.78
1996	15	Puffy	アジアの純真	0.65
1996	16	Puffy	これが私の生きる道	0.68
1996	17	MY LITTLE LOVER	ALICE	0.87
1996	18	JUDY AND MARY	そばかす	-0.58
1996	19	ZARD	マイ フレンド	0.58
1996	21	シャ乱Q	いいわけ	-0.73
1996	22	藤井フミヤ	Another Orion	0.68
1996	23	相川七瀬	恋心	-0.55
1996	24	大黒摩季	熱くなれ	0.55
1996	25	玉置浩二	田園	0.42
1996	27	華原朋美	save your dream	0.78
1996	28	SMAP	青いイナズマ	-0.66
1996	29	スピッツ	渚	0.42
1996	30	ポケットビスケッツ	Yellow Yellow Happy	0.45
1997	01	安室奈美恵	CAN YOU CELEBRATE？	0.45
1997	02	KinKi Kids	硝子の少年	-0.25
1997	03	Le Couple	ひだまりの詩	0.27
1997	04	globe	FACE	-0.27
1997	05	SPEED	STEADY	0.68
1997	06	今井美樹	PRIDE	0.62
1997	07	TK PRESENTS こねっと	YOU ARE THE ONE	0.73
1997	09	GLAY	HOWEVER	0.68
1997	10	SPEED	WHITE LOVE	0.75
1997	11	猿岩石	白い雲のように	0.32
1997	12	ポケットビスケッツ	Red Angel	-0.27
1997	13	安室奈美恵	a walk in the park	0.25
1997	14	華原朋美	Hate tell a lie	0.25
1997	15	河村隆一	Glass	0.32
1997	16	B'z	Calling	0.45
1997	17	GLAY	口唇	-0.36
1997	18	Puffy	渚にまつわるエトセトラ	0.84
1997	21	河村隆一	BEAT	0.62
1997	22	T.M.Revolution	HIGH PRESSURE	0.72
1997	23	安室奈美恵	How to be a Girl	-0.32
1997	24	B'z	FIREBALL	0.45
1997	25	河村隆一	I love you	0.78
1997	26	globe	Can't Stop Fallin' in Love	0.32
1997	27	SMAP	セロリ	0.62
1997	28	SMAP	ダイナマイト	0.73
1997	29	川本真琴	2分の1	0.62
1997	30	globe	Wanderin' Destiny	-0.15
1998	01	GLAY	誘惑	0.68
1998	02	SMAP	夜空ノムコウ	-0.2
1998	03	SPEED	my graduation	0.68
1998	05	GLAY	SOUL LOVE	0.68
1998	06	Kiroro	長い間	0.68
1998	07	L'Arc〜en〜Ciel	HONEY	0.32
1998	08	KinKi Kids	愛されるより 愛したい	0.27
1998	09	Every Little Thing	Time goes by	0.4
1998	10	KinKi Kids	全部だきしめて	0.32
1998	12	J-FRIENDS	明日が聴こえる	0.73
1998	13	SPEED	ALL MY TRUE LOVE	0.85
1998	14	L'Arc〜en〜Ciel	花葬	-0.62
1998	15	L'Arc〜en〜Ciel	snow drop	0.62
1998	16	SPEED	ALIVE	0.78
1998	17	B'z	HOME	-0.25
1998	18	KinKi Kids	ジェットコースター・ロマンス	0.72
1998	19	Mr.Children	終わりなき旅	0.55
1998	21	ポケットビスケッツ	Power	0.7
1998	23	hide with Spread Beaver	ever free	-0.15
1998	24	大滝詠一	幸せな結末	0.45
1998	25	L'Arc〜en〜Ciel	winter fall	-0.26
1998	26	L'Arc〜en〜Ciel	DIVE TO BLUE	0.46
1998	27	L'Arc〜en〜Ciel	forbidden lover	-0.55
1998	28	BLACK BISCUITS	スタミナ	0.82
1998	29	LUNA SEA	STORM	0.71
1998	30	T.M.Revolution	HOT LIMIT	0.62
1999	05	宇多田ヒカル	Automatic	0.86
1999	06	宇多田ヒカル	Addicted To You	0.35
1999	07	モーニング娘。	LOVEマシーン	0.86
1999	08	GLAY	BE WITH YOU	0.62
1999	09	L'Arc〜en〜Ciel	HEAVEN'S DRIVE	-0.35
1999	10	KinKi Kids	フラワー	0.78
1999	11	浜崎あゆみ	Boys&Girls	0.33
1999	12	Something Else	ラストチャンス	0.63
1999	13	Dragon Ash	Grateful Days	0.85
1999	14	GLAY	ここではない、どこかへ	0.3
1999	15	GLAY	サバイバル	0.42
1999	17	鈴木あみ	BE TOGETHER	0.86
1999	18	hiro	AS TIME GOES BY	0.32
1999	19	B'z	ギリギリchop	-0.55
1999	20	KinKi Kids	雨のMelody	-0.45
1999	21	Sugar Soul feat. Kenji	Garden	0.73
1999	22	宇多田ヒカル	Automatic	0.86
1999	23	嵐	A・RA・SHI	0.84
1999	24	L'Arc〜en〜Ciel	Pieces	0.78
1999	25	DREAMS COME TRUE	朝がまた来る	-0.73
1999	28	稲葉浩志	遠くまで	0.68
1999	29	安室奈美恵	I HAVE NEVER SEEN	0.57
2000	01	サザンオールスターズ	TSUNAMI	-0.57
2000	02	福山雅治	桜坂	0.48
2000	03	宇多田ヒカル	Wait & See〜リスク〜	0.35
2000	04	倉木麻衣	Love, Day After Tomorrow	-0.42
2000	05	浜崎あゆみ	SEASONS	-0.35
2000	06	SMAP	らいおんハート	0.62
2000	07	モーニング娘。	恋のダンスサイト	0.93
2000	08	B'z	今夜月の見える丘に	0.68
2000	09	プッチモニ	ちょこっとLOVE	0.84
2000	10	L'Arc〜en〜Ciel	NEO UNIVERSE	0.68
2000	11	大泉逸郎	孫	0.73
2000	12	慎吾ママ	慎吾ママのおはロック	0.93
2000	13	GLAY	とまどい	-0.27
2000	14	MISIA	Everything	0.73
2000	15	モーニング娘。	ハッピーサマーウェディング	0.92
2000	16	倉木麻衣	Secret of my heart	0.78
2000	17	倉木麻衣	Stay by my side	0.78
2000	18	宇多田ヒカル	For You	-0.27
2000	19	KinKi Kids	夏の王様	0.82
2000	20	サザンオールスターズ	HOTEL PACIFIC	0.35
2000	21	福山雅治	HEAVEN	0.4
2000	22	GLAY	MERMAID	0.42
2000	23	浜崎あゆみ	vogue	0.28
2000	24	L'Arc〜en〜Ciel	STAY AWAY	0.22
2000	25	Mr.Children	口笛	0.82
2000	26	小柳ゆき	愛情	0.62
2000	27	椎名林檎	ギブス	0.45
2000	28	ポルノグラフィティ	サウダージ	-0.42
2000	29	B'z	May	-0.32
2001	01	宇多田ヒカル	Can You Keep A Secret？	-0.32
2001	02	浜崎あゆみ	M	0.22
2001	03	CHEMISTRY	PIECES OF A DREAM	-0.55
2001	04	桑田佳祐	波乗りジョニー	0.32
2001	05	モーニング娘。	恋愛レボリューション21	0.92
2001	06	桑田佳祐	白い恋人達	-0.15
2001	07	浜崎あゆみ	evolution	0.68
2001	08	KinKi Kids	ボクの背中には羽根がある	0.82
2001	09	三木道三	Lifetime Respect	0.81
2001	10	ポルノグラフィティ	アゲハ蝶	-0.18
2001	11	B'z	ultra soul	0.25
2001	12	MISIA	Everything	0.71
2001	13	Every Little Thing	fragile	0.57
2001	14	浜崎あゆみ	Endless sorrow	0.34
2001	15	ミニモニ。	ミニモニ。ジャンケンぴょん！	0.82
2001	16	浜崎あゆみ	NEVER EVER	0.27
2001	17	浜崎あゆみ	Dearest	-0.35
2001	18	ウルフルズ	明日があるさ	0.62
2001	19	CHEMISTRY	Point of No Return	-0.66
2001	21	ZONE	secret base〜君がくれたもの〜	0.46
2001	22	ゴスペラーズ	ひとり	0.63
2001	23	KinKi Kids	情熱	0.78
2001	24	宇多田ヒカル	FINAL DISTANCE	0.4
2001	25	浜崎あゆみ	UNITE！	0.63
2001	26	BUMP OF CHICKEN	天体観測	-0.46
2001	27	B'z	GOLD	0.73
2001	28	N.M.L	ZERO LANDMINE	0.42
2001	29	平井堅	KISS OF LIFE	0.71
2001	30	CHEMISTRY	You Go Your Way	-0.55
2002	02	宇多田ヒカル	traveling	0.71
2002	03	元ちとせ	ワダツミの木	0.3
2002	04	Dragon Ash	Life goes on	0.75
2002	05	GLAY	Way of Difference	0.33
2002	06	宇多田ヒカル	SAKURAドロップス	0.35
2002	07	平井堅	大きな古時計	-0.27
2002	08	ストロベリー・フラワー	愛のうた	-0.35
2002	09	浜崎あゆみ	Voyage	0.55
2002	10	宇多田ヒカル	光	0.53
2002	11	桑田佳祐	東京	0.34
2002	12	Mr.Children	君が好き	-0.15
2002	13	Mr.Children	Any	0.25
2002	14	B'z	熱き鼓動の果て	0.73
2002	15	浜崎あゆみ	Free&Easy	-0.65
2002	16	倉木麻衣	Feel Fine！	0.92
2002	18	浜崎あゆみ＆KEIKO	a song is born	0.68
2002	19	Dragon Ash	FANTASISTA	0.87
2002	20	ロードオブメジャー	大切なもの	0.66
2002	21	嵐	a Day in Our Life	0.32
2002	22	島谷ひとみ	亜麻色の髪の乙女	0.92
2002	23	氷川きよし	きよしのズンドコ節	0.22
2002	24	J-FRIENDS	ALWAYS (A SONG FOR LOVE)	0.78
2002	25	KinKi Kids	カナシミ ブルー	-0.32
2002	26	ミニハムず	ミニハムずの愛の唄	0.92
2002	27	麻波25	SONS OF THE SUN	0.92
2002	28	MISIA	眠れぬ夜は君のせい	0.45
2002	30	SMAP	freebird	0.72
2003	01	SMAP	世界に一つだけの花	0.87
2003	02	福山雅治	虹	0.73
2003	03	宇多田ヒカル	COLORS	-0.26
2003	05	RUI	月のしずく	-0.62
2003	06	I WiSH	明日への扉	0.78
2003	08	浜崎あゆみ	&(ourselves	0.26
2003	10	ロードオブメジャー	大切なもの	0.73
2003	11	中島みゆき	地上の星	-0.35
2003	12	B'z	IT'S SHOWTIME！！	0.75
2003	13	一青窈	もらい泣き	-0.15
2003	14	Kinki Kids	薄荷キャンディー	0.68
2003	17	Kinki Kids	永遠のBLOODS	0.45
2003	18	175R	空に唄えば	0.45
2003	19	B'z	野性のENERGY	0.45
2003	20	CHEMISTRY	It Takes Two	0.55
2003	21	夏川りみ	涙そうそう	-0.27
2003	22	Kinki Kids	心に夢を君には愛を	0.94
2003	23	サザンオールスターズ	勝手にシンドバッド	-0.2
2003	24	倖田來未	real Emotion	0.58
2003	25	稲葉浩志	KI	0.45
2003	26	氷川きよし	白雲の城	-0.68
2003	27	FLOW	贈る言葉	-0.27
2003	28	ロードオブメジャー	雑走	0.45
2003	29	BUMP OF CHICKEN	ロストマン	-0.25
2003	30	175R	ハッピーライフ	0.87
2004	01	平井堅	瞳をとじて	-0.34
2004	02	Mr.Children	Sign	0.73
2004	03	平原綾香	Jupiter	0.85
2004	04	ORANGE RANGE	花	0.78
2004	05	Mr.Children	掌	-0.15
2004	06	柴咲コウ	かたちあるもの	0.16
2004	07	ORANGE RANGE	ロコローション	0.86
2004	08	サザンオールスターズ	君こそスターだ	0.62
2004	09	河口恭吾	桜	0.73
2004	10	Gorie with Jasmine & Joann	Mickey	0.68
2004	11	SMAP	世界に一つだけの花	0.84
2004	12	大塚愛	さくらんぼ	0.66
2004	14	宇多田ヒカル	誰かの願いが叶うころ	-0.18
2004	15	ケツメイシ	君にBUMP	0.85
2004	16	浜崎あゆみ	INSPIRE	0.6
2004	17	KinKi Kids	ね、がんばるよ。	0.63
2004	19	浜崎あゆみ	Moments	-0.35
2004	20	浜崎あゆみ	CAROLS	0.71
2004	21	DREAMS COME TRUE	やさしいキスをして	0.75
2004	22	B'z	BANZAI	0.72
2004	25	ケツメイシ	涙	0.68
2004	26	ゆず	栄光の架橋	0.68
2004	27	B'z	ARIGATO	0.45
2004	28	平井堅	思いがかさなるその前に･･･	0.27
2004	29	嵐	瞳の中のGalaxy	0.72
2004	30	一青窈	ハナミズキ	0.62
2005	01	修二と彰	青春アミーゴ	-0.25
2005	02	ケツメイシ	さくら	-0.27
2005	05	GLAY×EXILE	SCREAM	-0.27
2005	06	KinKi Kids	Anniversary	0.63
2005	07	B'z	OCEAN	0.78
2005	08	ORANGE RANGE	ラヴ・パレード	0.78
2005	09	トラジ・ハイジ	ファンタスティポ	0.4
2005	12	ORANGE RANGE	キズナ	0.82
2005	13	D-51	NO MORE CRY	0.84
2005	15	コブクロ	ここにしか咲かない花	0.34
2005	16	サザンオールスターズ	愛と欲望の日々	0.66
2005	18	BENNIE K	Dreamland	0.86
2005	19	浜崎あゆみ	STEP you	0.63
2005	20	REIRA starring YUNA ITO	ENDLESS STORY	0.63
2005	21	ORANGE RANGE	花	0.78
2005	22	Janne Da Arc	月光花	-0.68
2005	23	浜崎あゆみ	HEAVEN	0.68
2005	24	KinKi Kids	ビロードの闇	0.27
2005	25	浜崎あゆみ	fairyland	0.55
2005	26	大塚愛	SMILY	0.84
2005	27	B'z	愛のバクダン	-0.55
2005	28	アンダーグラフ	ツバサ	0.62
2005	29	トンガリキッズ	B-DASH	0.32
2005	30	Crystal Kay	恋におちたら	0.96
2006	01	KAT-TUN	Real Face	0.73
2006	02	レミオロメン	粉雪	-0.34
2006	03	修二と彰	青春アミーゴ	0.22
2006	05	KAT-TUN	SIGNAL	0.63
2006	07	Mr.Children	しるし	0.35
2006	08	湘南乃風	純恋歌	0.78
2006	09	BUMP OF CHICKEN	supernova	0.33
2006	10	Kaoru Amane	タイヨウのうた	0.92
2006	11	SMAP	Dear WOMAN	0.92
2006	12	Mr.Children	箒星	0.55
2006	13	KAT-TUN	僕らの街で	0.27
2006	15	TOKIO	宙船	-0.45
2006	16	福山雅治	milk tea	0.68
2006	17	ケツメイシ	旅人	0.82
2006	18	SMAP	Triangle	-0.25
2006	19	B'z	SPLASH！	0.73
2006	21	KinKi Kids	夏模様	0.45
2006	22	B'z	衝動	0.72
2006	23	Bank Band with Salyu	to U	0.54
2006	24	タッキー＆翼	Venus	0.71
2006	25	GYM	フィーバーとフューチャー	0.8
2006	26	倖田來未	夢のうた	-0.68
2006	27	SMAP	ありがとう	0.78
2006	28	倖田來未	恋のつぼみ	0.68
2006	29	KinKi Kids	Harmony of December	0.72
2006	30	コブクロ	桜	0.33
2007	01	秋川雅史	千の風になって	0.23
2007	02	宇多田ヒカル	Flavor Of Life	-0.2
2007	03	コブクロ	蕾	-0.15
2007	04	嵐	Love so sweet	0.86
2007	05	KAT-TUN	Keep the faith	0.68
2007	06	KAT-TUN	喜びの歌	0.92
2007	07	桑田佳祐	明日晴れるかな	0.28
2007	08	Mr.Children	旅立ちの唄	0.68
2007	09	関ジャニ∞	関風ファイティング	0.35
2007	10	NEWS	weeeek	0.33
2007	11	絢香×コブクロ	WINDING ROAD	0.78
2007	12	Mr.Children	フェイク	-0.73
2007	13	NEWS	星をめざして	0.72
2007	14	Hey！Say！JUMP	Ultra Music Power	0.82
2007	15	嵐	Happiness	0.78
2007	16	BUMP OF CHICKEN	花の名	0.45
2007	17	EXILE	Lovers Again	0.25
2007	18	関ジャニ∞	ズッコケ男道	0.32
2007	19	B'z	SUPER LOVE SONG	0.42
2007	20	宇多田ヒカル	Beautiful World	0.07
2007	21	KinKi Kids	永遠に	0.73
2007	23	KinKi Kids	BRAND NEW SONG	0.68
2007	24	GReeeeN	愛唄	0.78
2007	25	BUMP OF CHICKEN	メーデー	0.35
2007	26	B'z	永遠の翼	0.73
2007	27	嵐	We can make it！	0.78
2007	28	Hey！Say！7	Hey！Say！	0.92
2007	29	倖田來未	FREAKY	0.32
2007	30	コブクロ	蒼く 優しく	-0.15
2008	01	嵐	truth	-0.78
2008	02	嵐	One Love	0.94
2008	03	サザンオールスターズ	I AM YOUR SINGER	0.82
2008	04	GReeeeN	キセキ	0.92
2008	05	羞恥心	羞恥心	0.68
2008	06	Mr.Children	HANABI	-0.32
2008	08	KAT-TUN	DON'T U EVER STOP	0.36
2008	09	KAT-TUN	LIPS	0.45
2008	10	嵐	Beautiful days	-0.34
2008	11	関ジャニ∞	無責任ヒーロー	0.42
2008	12	嵐	Step and Go	0.92
2008	13	すぎもとまさと	吾亦紅	-0.35
2008	14	藤岡藤巻と大橋のぞみ	崖の上のポニョ	0.92
2008	15	Mr.Children	GIFT	0.73
2008	16	羞恥心	泣かないで	0.62
2008	17	EXILE	Ti Amo	-0.35
2008	19	NEWS	太陽のナミダ	0.22
2008	20	アラジン	陽は、また昇る	0.86
2008	21	Hey！Say！JUMP	真夜中のシャドーボーイ	0.42
2008	22	ジェロ	海雪	-0.88
2008	23	NEWS	SUMMER TIME	0.92
2008	25	Hey！Say！JUMP	Dreams come true	0.92
2008	26	NEWS	Happy Birthday	0.92
2008	27	関ジャニ∞	ワッハッハー	0.45
2008	28	KinKi Kids	Secret Code	0.56
2008	29	コブクロ	時の足音	0.63
2008	30	EXILE	LAST CHRISTMAS	-0.62
2009	02	嵐	明日の記憶	-0.16
2009	03	嵐	マイガール	0.45
2009	05	嵐	Everything	0.71
2009	06	B'z	イチブトゼンブ	0.27
2009	07	KAT-TUN	RESCUE	0.25
2009	08	遊助	ひまわり	0.73
2009	09	KAT-TUN	ONE DROP	-0.27
2009	10	関ジャニ∞	急☆上☆Show！	0.94
2009	11	NEWS	恋のABO	0.86
2009	16	山下智久	Loveless	-0.27
2009	17	遊助	たんぽぽ	0.81
2009	18	LANDS	BANDAGE	-0.38
2009	19	羞恥心	弱虫サンタ	-0.32
2009	20	B'z	MY LONELY TOWN	-0.25
2009	21	東方神起	Stand by U	-0.55
2009	22	AKB48	RIVER	0.85
2009	23	KinKi Kids	約束	-0.35
2009	24	福山雅治	化身	-0.66
2009	25	氷川きよし	浪曲一代	0.42
2009	26	浜崎あゆみ	Days	0.86
2009	27	氷川きよし	ときめきのルンバ	0.68
2009	28	KinKi Kids	スワンソング	-0.55
2009	29	BUMP OF CHICKEN	R.I.P	0.35
2009	30	東方神起	Share The World	0.92
2010	01	AKB48	Beginner	0.78
2010	02	AKB48	ヘビーローテーション	0.96
2010	03	嵐	Troublemaker	0.78
2010	04	嵐	Monster	0.22
2010	05	AKB48	ポニーテールとシュシュ	-0.25
2010	06	嵐	果てない空	0.94
2010	08	AKB48	チャンスの順番	0.92
2010	09	嵐	Dear Snow	-0.35
2010	10	嵐	To be free	0.78
2010	12	AKB48	桜の栞	0.73
2010	13	SMAP	This is love	0.92
2010	14	坂本冬美	また君に恋してる	0.78
2010	16	東方神起	BREAK OUT!	0.86
2010	17	KAT-TUN	Going!	0.93
2010	18	関ジャニ∞	Wonderful World!!	0.95
2010	19	福山雅治	はつ恋	-0.46
2010	20	KAT-TUN	CHANGE UR WORLD	0.92
2010	21	Hey!Say!JUMP	瞳のスクリーン	0.78
2010	22	福山雅治	蛍	0.92
2010	23	EXILE	I Wish For You	0.78
2010	24	氷川きよし	三味線旅がらす	-0.33
2010	25	NEWS	さくらガール	-0.42
2010	26	東方神起	時ヲ止メテ	0.62
2010	27	EXILE	もっと強く	0.73
2010	29	山下智久	One in a million	0.68
2010	30	怪物くん（怪物太郎）	ユカイツーカイ怪物くん	0.4
2011	01	AKB48	フライングゲット	0.78
2011	02	AKB48	Everyday、カチューシャ	0.63
2011	03	AKB48	風は吹いている	0.55
2011	04	AKB48	上からマリコ	0.58
2011	05	AKB48	桜の木になろう	0.45
2011	06	嵐	Lotus	0.62
2011	07	嵐	迷宮ラブソング	0.92
2011	08	薫と友樹、たまにムック。	マル・マル・モリ・モリ!	0.85
2011	09	SKE48	パレオはエメラルド	0.82
2011	10	Kis-My-Ft2	Everybody Go	0.86
2011	11	SKE48	オキドキ	0.88
2011	13	NMB48	オーマイガー!	0.4
2011	15	Hey!Say!JUMP	OVER	0.78
2011	17	SKE48	バンザイVenus	0.81
2011	18	NMB48	絶滅黒髪少女	0.62
2011	20	福山雅治	家族になろうよ	0.78
2011	21	Hey!Say!JUMP	Magic Power	0.92
2011	22	Not ye	週末Not yet	0.55
2011	23	赤西仁	Eternal	0.93
2011	24	BUMP OF CHICKEN	ゼロ	0.62
2011	25	KARA	GO GO サマー!	0.92
2011	26	KARA	ジェットコースターラブ	0.92
2011	27	板野友美	Dear J	0.72
2011	29	チャン・グンソク	Let me cry	-0.35
2011	30	Sexy Zone	Sexy Zone	0.71
2012	02	AKB48	GIVE ME FIVE!	0.62
2012	03	AKB48	ギンガムチェック	0.32
2012	04	AKB48	UZA	-0.2
2012	05	AKB48	永遠プレッシャー	-0.35
2012	06	嵐	ワイルド アット ハート	0.82
2012	07	嵐	Face Down	-0.45
2012	08	SKE48	片想いFinally	0.93
2012	09	SKE48	キスだって左利き	0.87
2012	10	SKE48	アイシテラブル!	0.92
2012	11	嵐	Your Eyes	0.57
2012	12	NMB48	ナギイチ	0.62
2012	13	NMB48	ヴァージニティー	-0.32
2012	14	NMB48	純情U-19	-0.18
2012	15	エイトレンジャー	ER	-0.15
2012	16	Kis-My-Ft2	WANNA BEEEE!!!	0.78
2012	17	NMB48	北川謙二	-0.65
2012	18	Kis-My-Ft2	We never give up!	0.94
2012	20	NEWS	チャンカパーナ	0.75
2012	21	Kis-My-Ft2	アイノビート	0.94
2012	22	Hey!Say!JUMP	SUPER DELICATE	0.27
2012	24	EXILE	ALL NIGHT LONG	0.62
2012	26	乃木坂46	走れ!Bicycle	0.35
2012	28	乃木坂46	おいでシャンプー	0.72
2012	29	乃木坂46	ぐるぐるカーテン	0.57
2012	30	EXILE TRIBE	24karats TRIBE OF GOLD	0.93
2013	01	AKB48	さよならクロール	-0.68
2013	02	AKB48	恋するフォーチュンクッキー	0.32
2013	03	AKB48	ハート・エレキ	0.82
2013	04	AKB48	So long !	0.63
2013	07	SKE48	チョコの奴隷	0.45
2013	08	SKE48	美しい稲妻	0.7
2013	09	NMB48	僕らのユリイカ	0.62
2013	10	嵐	Endless Game	-0.26
2013	11	SKE48	賛成カワイイ!	0.81
2013	12	NMB48	カモネギックス	-0.14
2013	13	乃木坂46	ガールズルール	0.55
2013	14	乃木坂46	バレッタ	-0.32
2013	15	SMAP	Joy!!	0.62
2013	17	サザンオールスターズ	ピースとハイライト	0.15
2013	19	Kis-My-Ft2	キミとのキセキ	0.78
2013	20	Kis-My-Ft2	SNOW DOMEの約束	0.72
2013	21	乃木坂46	制服のマネキン	0.2
2013	22	乃木坂46	君の名は希望	0.62
2013	23	HKT48	メロンジュース	0.63
2013	24	HKT48	スキ!スキ!スキップ!	0.93
2013	28	Hey!Say!JUMP	Come On A My House	0.7
2013	29	SMAP	Mistake!	0.2
2014	01	AKB48	ラブラドール・レトリバー	0.82
2014	02	AKB48	希望的リフレイン	0.72
2014	03	AKB48	前しか向かねえ	0.73
2014	04	AKB48	鈴懸の木の道で「君の微笑みを夢に見る」と言ってしまったら僕たちの関係はどう変わってしまうのか、僕なりに何日か考えた上でのやや気恥ずかしい結論のようなもの	-0.25
2014	05	AKB48	心のプラカード	0.45
2014	06	嵐	GUTS！	0.86
2014	07	嵐	Bittersweet	0.68
2014	08	乃木坂46	何度目の青空か？	0.62
2014	09	EXILE TRIBE	THE REVOLUTION	0.78
2014	10	乃木坂46	気づいたら片想い	-0.45
2014	12	嵐	誰も知らない	0.46
2014	13	SKE48	未来とは？	0.86
2014	14	SKE48	不器用太陽	0.27
2014	15	NMB48	高嶺の林檎	0.73
2014	16	NMB48	らしくない	0.94
2014	17	関ジャニ∞	キング　オブ　男！	0.36
2014	18	Sexy Zone	君にHITOMEBORE	0.63
2014	19	HKT48	桜、みんなで食べた	-0.25
2014	21	HKT48	控えめI love you！	0.26
2014	22	ジャニーズWEST	ええじゃないか	0.92
2014	23	Kis-My-Ft2	Another Future	0.92
2014	24	関ジャニ∞	ひびき	0.78
2014	26	Kis-My-Ft2	光のシグナル	0.78
2014	27	エイトレンジャー	ER2	0.15
2014	30	三代目 J Soul Brothers from EXILE TRIBE	R.Y.U.S.E.I.	0.82
2015	01	AKB48	僕たちは戦わない	0.78
2015	02	AKB48	ハロウィン・ナイト	0.78
2015	03	AKB48	Green Flash	0.35
2015	04	AKB48	唇にBe My Baby	-0.32
2015	05	SKE48	コケティッシュ渋滞中	0.62
2015	06	乃木坂46	今、話したい誰かがいる	0.45
2015	07	乃木坂46	太陽ノック	0.73
2015	08	乃木坂46	命は美しい	0.62
2015	09	嵐	青空の下、キミのとなり	0.25
2015	11	嵐	Sakura	0.84
2015	12	嵐	愛を叫べ	0.92
2015	13	Kis-My-Ft2	Thank youじゃん！	0.78
2015	14	SKE48	前のめり	0.73
2015	15	三代目 J Soul Brothers from EXILE TRIBE	starting over	0.46
2015	16	SKE48	12月のカンガルー	0.88
2015	17	NMB48	ドリアン少年	0.66
2015	18	NMB48	Must be now	0.55
2015	19	Kis-My-Ft2	Kiss魂	0.92
2015	20	HKT48	12秒	0.62
2015	22	HKT48 feat.氣志團	しぇからしか！	0.78
2015	23	三代目 J Soul Brothers from EXILE TRIBE	O.R.I.O.N.	0.88
2015	24	三代目 J Soul Brothers from EXILE TRIBE	Summer Madness	0.85
2015	25	Hey! Say! JUMP	キミアトラクション	0.95
2015	26	ラブ・クレッシェンド	コップの中の木漏れ日	-0.2
2015	27	Kis-My-Ft2	AAO	0.92
2015	29	Kis-My-Ft2	最後もやっぱり君	0.78
2015	30	KAT-TUN	Dead or Alive	0.22
2016	01	AKB48	翼はいらない	0.68
2016	02	AKB48	君はメロディー	0.32
2016	04	AKB48	ハイテンション	0.66
2016	05	乃木坂46	サヨナラの意味	0.27
2016	06	乃木坂46	裸足でSummer	0.35
2016	08	乃木坂46	ハルジオンが咲く頃	0.73
2016	09	嵐	復活LOVE	0.68
2016	10	嵐	Power of the Paradise	0.86
2016	11	欅坂46	二人セゾン	0.27
2016	13	欅坂46	世界には愛しかない	0.72
2016	14	欅坂46	サイレントマジョリティー	0.42
2016	15	SKE48	チキンLINE	-0.75
2016	16	NMB48	僕はいない	-0.68
2016	17	HKT48	最高かよ	0.94
2016	18	SKE48	金の愛、銀の愛	-0.55
2016	19	Hey！Say！JUMP	真剣SUNSHINE	0.94
2016	20	HKT48	74億分の1の君へ	0.96
2016	21	関ジャニ∞	罪と夏	0.84
2016	22	NMB48	甘噛み姫	-0.67
2016	23	Kis-My-Ft2	Sha la la☆Summer Time	0.92
2016	24	Hey！Say！JUMP	Fantastic Time	0.92
2016	25	Kis-My-Ft2	Gravity	0.82
2016	26	関ジャニ∞	NOROSHI	0.78
2016	27	Hi-STANDARD	ANOTHER STARTING LINE	0.78
2016	28	BOYS AND MEN	YAMATO☆Dancing	0.82
2016	29	KAT-TUN	UNLOCK	0.44
2016	30	KinKi Kids	薔薇と太陽	-0.26
2017	01	AKB48	願いごとの持ち腐れ	0.78
2017	02	AKB48	#好きなんだ	0.84
2017	03	AKB48	11月のアンクレット	-0.35
2017	04	AKB48	シュートサイン	0.62
2017	05	乃木坂46	逃げ水	0.27
2017	06	乃木坂46	インフルエンサー	0.25
2017	07	乃木坂46	いつかできるから今日できる	0.63
2017	08	欅坂46	不協和音	-0.62
2017	09	欅坂46	風に吹かれても	0.25
2017	12	嵐	つなぐ	0.73
2017	14	SKE48	意外にマンゴー	0.32
2017	15	NMB48	僕以外の誰か	-0.62
2017	16	関ジャニ∞	なぐりガキBEAT	0.45
2017	17	Hey! Say! JUMP	OVER THE TOP	0.87
2017	18	Hey! Say! JUMP	Precious Girl	0.93
2017	19	Hey! Say! JUMP	Give Me Love	0.93
2017	20	関ジャニ∞	奇跡の人	0.46
2017	21	HKT48	バグっていいじゃん	0.62
2017	23	HKT48	キスは待つしかないのでしょうか	0.25
2017	24	TWICE	One More Time	0.82
2017	25	関ジャニ∞	応答セヨ	0.42
2017	26	星野源	Family Song	0.62
2017	28	亀と山P	背中越しのチャンス	0.82
2017	29	KinKi Kids	The Red Light	0.32
2017	30	NGT48	青春時計	0.36
2018	01	AKB48	Teacher Teacher	0.33
2018	02	AKB48	センチメンタルトレイン	0.32
2018	03	乃木坂46	シンクロニシティ	0.33
2018	04	乃木坂46	ジコチューで行こう!	0.78
2018	05	AKB48	NO WAY MAN	0.55
2018	06	AKB48	ジャーバージャ	0.58
2018	07	乃木坂46	帰り道は遠回りしたくなる	0.36
2018	08	欅坂46	ガラスを割れ!	0.35
2018	09	欅坂46	アンビバレント	-0.42
2018	10	King & Prince	シンデレラガール	0.86
2018	11	嵐	夏疾風	0.92
2018	13	King & Prince	Memorial	0.92
2018	14	嵐	Find The Answer	0.88
2018	15	嵐	君のうた	0.92
2018	16	SKE48	いきなりパンチライン	0.75
2018	17	SKE48	無意識の色	0.63
2018	18	米津玄師	Lemon	-0.55
2018	19	TWICE	Wake Me Up	0.81
2018	20	TWICE	Candy Pop	0.86
2018	21	NMB48	ワロタピーポー	-0.75
2018	22	Hey!Say!JUMP	White Love	0.94
2018	23	NMB48	僕だって泣いちゃうよ	-0.27
2018	24	関ジャニ∞	ここに	0.75
2018	25	HKT48	早送りカレンダー	0.93
2018	26	NMB48	欲望者	-0.72
2018	27	Hey!Say!JUMP	マエヲムケ	0.71
2018	28	米津玄師	Flamingo	-0.65
2018	29	Hey!Say!JUMP	COSMIC☆HUMAN	0.62
2019	01	AKB48	サステナブル	-0.28
2019	02	AKB48	ジワるDAYS	-0.27
2019	03	乃木坂46	Sing Out!	0.78
2019	04	乃木坂46	夜明けまで強がらなくてもいい	0.25
2019	05	欅坂46	黒い羊	-0.82
2019	06	米津玄師	馬と鹿	-0.55
2019	07	BTS	Lights	0.63
2019	08	嵐	BRAVE	0.92
2019	09	日向坂46	キュン	0.85
2019	10	米津玄師	Lemon	-0.73
2019	11	Official髭男dism	Pretender	-0.58
2019	12	日向坂46	ドレミソラシド	0.63
2019	13	あいみょん	マリーゴールド	0.85
2019	14	日向坂46	こんなに好きになっちゃっていいの	0.73
2019	15	Foorin	パプリカ	0.81
2019	16	SKE48	FRUSTRATION	0.78
2019	17	King & Prince	koi-wazurai	0.84
2019	18	King & Prince	君を待ってる	0.66
2019	19	SKE48	Stand by you	0.86
2019	20	King Gnu	白日	-0.46
2019	21	TWICE	Breakthrough	0.92
2019	22	菅田将暉	まちがいさがし	0.25
2019	23	TWICE	HAPPY HAPPY	0.95
2019	24	NMB48	床の間正座娘	-0.15
2019	25	乃木坂46	帰り道は遠回りしたくなる	0.36
2019	26	Kis-My-Ft2	君を大好きだ	0.55
2019	27	STU48	風を待つ	-0.27
2019	28	HKT48	意志	-0.15
2019	29	SEVENTEEN	Happy Ending	0.94
2019	30	IZONE	好きと言わせたい	-0.34
2020	02	AKB48	失恋、ありがとう	0.12
2020	03	嵐	カイト	0.65
2020	04	乃木坂46	しあわせの保護色	0.71
2020	06	SixTONES	NAVIGATOR	0.22
2020	07	日向坂46	ソンナコトナイヨ	0.82
2020	08	King & Prince	Mazy Night	0.78
2020	09	Twenty★Twenty	smile	0.45
2020	10	SixTONES	NEW ERA	0.92
2020	14	関ジャニ∞	ReLIVE	0.71
2020	15	NiziU	Step and a step	0.94
2020	16	SKE48	ソーユートコあるよね	-0.15
2020	18	STU48	無謀な夢は覚めることがない	0.66
2020	19	Sexy Zone	RUN	0.72
2020	20	Sexy Zone	NOT FOUND	0.27
2020	21	三浦春馬	Night Diver	-0.42
2020	22	LiSA	炎	0.42
2020	23	ジャニーズWEST	証拠	0.55
2020	24	Hey!Say!JUMP	I am	0.66
2020	25	Hey!Say!JUMP	Your Song	0.73
2020	26	TWICE	Fanfare	0.92
2020	27	Hey!Say!JUMP	Last Mermaid...	-0.45
2020	28	NMB48	だってだってだって	-0.68
2020	29	KinKi Kids	KANZAI BOYA	-0.22
2020	30	HKT48	3-2	-0.66
2021	01	Snow Man	Grandeur	0.85
2021	02	Snow Man	HELLO HELLO	0.86
2021	03	Sexy Zone	夏のハイドレンジア	0.82
2021	04	Snow Man	Secret Touch	0.68
2021	05	乃木坂46	僕は僕を好きになる	0.36
2021	06	乃木坂46	ごめんねFingers crossed	-0.34
2021	07	乃木坂46	君に叱られた	0.42
2021	08	King & Prince	I promise	0.92
2021	09	Hey!Say!JUMP	群青ランナウェイ	-0.35
2021	10	日向坂46	君しか勝たん	-0.35
2021	11	SixTONES	マスカラ	-0.34
2021	12	SixTONES	僕が僕じゃないみたいだ	-0.27
2021	13	King & Prince	Magic Touch	0.92
2021	14	King & Prince	恋降る月夜に君想ふ	0.85
2021	15	日向坂46	ってか	-0.66
2021	16	櫻坂46	BAN	-0.71
2021	17	SEVENTEEN	ひとりじゃない	0.73
2021	18	櫻坂46	流れ弾	-0.23
2021	19	AKB48	根も葉もRumor	0.53
2021	20	NiziU	Take a picture	0.92
2021	23	Sexy Zone	夏のハイドレンジア	0.88
2021	24	KAT-TUN	Roar	-0.55
2021	25	SKE48	恋落ちフラグ	0.63
2021	26	SKE48	あの頃の君を見つけた	0.27
2021	28	Kis-My-Ft2	Luv Bias	0.82
2021	29	Hey!Say!JUMP	群青ランナウェイ	-0.22
2021	30	ジャニーズWEST	週刊うまくいく曜日	0.82
2022	01	King & Prince	ツキヨミ	-0.86
2022	02	Snow Man	オレンジkiss	0.86
2022	03	Snow Man	ブラザービート	-0.58
2022	04	乃木坂46	好きというのはロックだぜ!	0.65
2022	05	乃木坂46	ここにはないもの	-0.17
2022	07	なにわ男子	The Answer	0.66
2022	08	乃木坂46	Actually...	-0.35
2022	09	King & Prince	TraceTrace	0.32
2022	10	なにわ男子	ハッピーサプライズ	0.82
2022	13	SixTONES	わたし	-0.35
2022	14	King & Prince	Lovin’ you	0.82
2022	15	日向坂46	僕なんか	-0.68
2022	16	日向坂46	月と星が踊るMidnight	0.4
2022	18	SixTONES	共鳴	0.65
2022	19	櫻坂46	五月雨よ	-0.27
2022	20	SixTONES	Good Luck!	0.82
2022	21	AKB48	元カレです	-0.62
2022	22	TOMORROW X TOGETHER	GOOD BOY GONE BAD	-0.25
2022	23	AKB48	久しぶりのリップグロス	-0.34
2022	25	米津玄師	KICK BACK	-0.27
2022	26	ジャニーズWEST	星の雨	0.32
2022	27	SKE48	絶対インスピレーション	0.84
2022	28	STU48	花は誰のもの	0.68
2022	29	Kis-My-Ft2	Two as One	0.92
2022	30	米津玄師	M八七	0.4
2023	01	King & Prince	Life goes on	0.73
2023	02	Snow Man	タペストリー	0.46
2023	03	Snow Man	Dangerholic	0.88
2023	04	乃木坂46	おひとりさま天国	0.55
2023	05	乃木坂46	人は夢を二度見る	0.45
2023	06	King & Prince	なにもの	0.92
2023	07	なにわ男子	Special Kiss	0.93
2023	08	SixTONES	こっから	0.34
2023	09	乃木坂46	Monopoly	-0.32
2023	10	SixTONES	CREAK	0.46
2023	11	日向坂46	One choice	-0.27
2023	12	櫻坂46	承認欲求	-0.78
2023	13	AKB48	どうしても君が好きだ	0.34
2023	14	日向坂46	Am I ready	0.45
2023	15	SixTONES	ABARERO	0.92
2023	16	櫻坂46	Start over!	-0.34
2023	17	AKB48	アイドルなんかじゃなかったら	-0.27
2023	18	なにわ男子	Make Up Day	0.82
2023	20	SKE48	好きになっちゃった	-0.35
2023	21	なにわ男子	I Wish	0.82
2023	22	櫻坂46	桜月	-0.27
2023	24	King & Prince	愛し生きること	-0.25
2023	27	ジャニーズWEST	絶体絶命	-0.71
2023	28	STU48	息をする心	0.75
2023	29	LE SSERAFIM	FEARLESS	0.85
2023	30	Hey!Say!JUMP	DEAR MY LOVER	0.88
2024	01	Snow Man	LOVE TRIGGER	0.73
2024	02	Snow Man	BREAKOUT	0.78
2024	04	Aぇ! group	《A》BEGINNING	0.92
2024	05	櫻坂46	自業自得	-0.68
2024	07	乃木坂46	チャンスは平等	0.82
2024	08	JO1	WHERE DO WE GO	0.82
2024	09	乃木坂46	チートデイ	0.72
2024	10	SixTONES	音色	0.86
2024	13	櫻坂46	I want tomorrow to come	0.27
2024	14	日向坂46	絶対的第六感	0.73
2024	15	日向坂46	君はハニーデュー	0.93
2024	16	櫻坂46	何歳の頃に戻りたいのか	-0.46
2024	17	SEVENTEEN	消費期限	0.0
2024	18	SixTONES	GONG	0.73
2024	19	AKB48	恋 詰んじゃった	-0.78
2024	20	AKB48	カラコンウインク	0.68
2024	21	SKE48	愛のホログラム	-0.32
2024	22	なにわ男子	コイスルヒカリ	0.86
2024	23	Aぇ! group	Gotta Be	0.86
2024	24	ZEROBASEONE	ゆらゆら -運命の花-	0.92
2024	26	RIIZE	Lucky	0.92
2024	27	King & Prince	halfmoon	0.62
2024	28	&TEAM	五月雨(Samidare)	0.55
2024	29	WEST	ハート	0.68
2024	30	Sexy Zone	puzzle	0.92
